Producto;Descripción;Precio;Proveedor
Iron-n;;$81.400;EUROTRADING
Kn32;;$83.500;EUROTRADING
Nano Calcio;;$78.500;EUROTRADING
Nano Zinc;;$79.431;EUROTRADING
Magno-n;;$81.000;EUROTRADING
Micro-n ;;$98.500;EUROTRADING
Triple 20 - n;;$60.500;EUROTRADING
NPK 12 12 36;;$60.500;EUROTRADING
Fosfo-n;;$82.000;EUROTRADING
Boro-n;;$98.500;EUROTRADING
Nitra-n;;$43.000;EUROTRADING
Silico-n ;;$154.000;EUROTRADING
TPS;;$137.500;KIOSHI
Mist P;;$191.250;KIOSHI
Mist N;;$191.250;KIOSHI
Liberfos;;$52.000;JORGE PEREZ
Descomplex;;$53.500;JORGE PEREZ
Bolquex;;$90.000;JORGE PEREZ
Opda;;$120.000;JORGE PEREZ
Soap Neem;;$85.000;JORGE PEREZ
Biopass;;$105.390;WEST
Energy;;;VITAL AGRO
Codasal;;;VITAL AGRO
Inicio P;;;VITAL AGRO
New Soil;;;VITAL AGRO
Nanoviv;;;VITAL AGRO
